{
  "hash": "df9408e2",
  "configHash": "d3b9c3a0",
  "lockfileHash": "dabdc218",
  "browserHash": "2c69ddc2",
  "optimized": {
    "@angular/common": {
      "src": "../../../../../node_modules/@angular/common/fesm2022/common.mjs",
      "file": "@angular_common.js",
      "fileHash": "8b73511f",
      "needsInterop": false
    },
    "@angular/common/http": {
      "src": "../../../../../node_modules/@angular/common/fesm2022/http.mjs",
      "file": "@angular_common_http.js",
      "fileHash": "2ef46543",
      "needsInterop": false
    },
    "@angular/core": {
      "src": "../../../../../node_modules/@angular/core/fesm2022/core.mjs",
      "file": "@angular_core.js",
      "fileHash": "b1efbe0d",
      "needsInterop": false
    },
    "@angular/forms": {
      "src": "../../../../../node_modules/@angular/forms/fesm2022/forms.mjs",
      "file": "@angular_forms.js",
      "fileHash": "79609003",
      "needsInterop": false
    },
    "@angular/platform-browser": {
      "src": "../../../../../node_modules/@angular/platform-browser/fesm2022/platform-browser.mjs",
      "file": "@angular_platform-browser.js",
      "fileHash": "9fc917ca",
      "needsInterop": false
    },
    "@angular/platform-browser/animations": {
      "src": "../../../../../node_modules/@angular/platform-browser/fesm2022/animations.mjs",
      "file": "@angular_platform-browser_animations.js",
      "fileHash": "b6fa9d20",
      "needsInterop": false
    },
    "@angular/router": {
      "src": "../../../../../node_modules/@angular/router/fesm2022/router.mjs",
      "file": "@angular_router.js",
      "fileHash": "b4ea58b7",
      "needsInterop": false
    },
    "@stomp/stompjs": {
      "src": "../../../../../node_modules/@stomp/stompjs/esm6/index.js",
      "file": "@stomp_stompjs.js",
      "fileHash": "7751fc80",
      "needsInterop": false
    },
    "ngx-toastr": {
      "src": "../../../../../node_modules/ngx-toastr/fesm2022/ngx-toastr.mjs",
      "file": "ngx-toastr.js",
      "fileHash": "46aeb3bc",
      "needsInterop": false
    },
    "primeng/accordion": {
      "src": "../../../../../node_modules/primeng/fesm2022/primeng-accordion.mjs",
      "file": "primeng_accordion.js",
      "fileHash": "9030949b",
      "needsInterop": false
    },
    "primeng/api": {
      "src": "../../../../../node_modules/primeng/fesm2022/primeng-api.mjs",
      "file": "primeng_api.js",
      "fileHash": "4e6ee03b",
      "needsInterop": false
    },
    "primeng/avatar": {
      "src": "../../../../../node_modules/primeng/fesm2022/primeng-avatar.mjs",
      "file": "primeng_avatar.js",
      "fileHash": "f99e5573",
      "needsInterop": false
    },
    "primeng/badge": {
      "src": "../../../../../node_modules/primeng/fesm2022/primeng-badge.mjs",
      "file": "primeng_badge.js",
      "fileHash": "824bff08",
      "needsInterop": false
    },
    "primeng/button": {
      "src": "../../../../../node_modules/primeng/fesm2022/primeng-button.mjs",
      "file": "primeng_button.js",
      "fileHash": "1595a6b2",
      "needsInterop": false
    },
    "primeng/calendar": {
      "src": "../../../../../node_modules/primeng/fesm2022/primeng-calendar.mjs",
      "file": "primeng_calendar.js",
      "fileHash": "908dc6fa",
      "needsInterop": false
    },
    "primeng/confirmdialog": {
      "src": "../../../../../node_modules/primeng/fesm2022/primeng-confirmdialog.mjs",
      "file": "primeng_confirmdialog.js",
      "fileHash": "9d15dac7",
      "needsInterop": false
    },
    "primeng/dialog": {
      "src": "../../../../../node_modules/primeng/fesm2022/primeng-dialog.mjs",
      "file": "primeng_dialog.js",
      "fileHash": "800a5a29",
      "needsInterop": false
    },
    "primeng/dropdown": {
      "src": "../../../../../node_modules/primeng/fesm2022/primeng-dropdown.mjs",
      "file": "primeng_dropdown.js",
      "fileHash": "2e5f83f9",
      "needsInterop": false
    },
    "primeng/inputmask": {
      "src": "../../../../../node_modules/primeng/fesm2022/primeng-inputmask.mjs",
      "file": "primeng_inputmask.js",
      "fileHash": "a270595b",
      "needsInterop": false
    },
    "primeng/inputtext": {
      "src": "../../../../../node_modules/primeng/fesm2022/primeng-inputtext.mjs",
      "file": "primeng_inputtext.js",
      "fileHash": "4a782214",
      "needsInterop": false
    },
    "primeng/menubar": {
      "src": "../../../../../node_modules/primeng/fesm2022/primeng-menubar.mjs",
      "file": "primeng_menubar.js",
      "fileHash": "4c590855",
      "needsInterop": false
    },
    "primeng/messages": {
      "src": "../../../../../node_modules/primeng/fesm2022/primeng-messages.mjs",
      "file": "primeng_messages.js",
      "fileHash": "a6279270",
      "needsInterop": false
    },
    "primeng/overlaypanel": {
      "src": "../../../../../node_modules/primeng/fesm2022/primeng-overlaypanel.mjs",
      "file": "primeng_overlaypanel.js",
      "fileHash": "9c582153",
      "needsInterop": false
    },
    "primeng/paginator": {
      "src": "../../../../../node_modules/primeng/fesm2022/primeng-paginator.mjs",
      "file": "primeng_paginator.js",
      "fileHash": "8c22d93d",
      "needsInterop": false
    },
    "primeng/table": {
      "src": "../../../../../node_modules/primeng/fesm2022/primeng-table.mjs",
      "file": "primeng_table.js",
      "fileHash": "4f93be90",
      "needsInterop": false
    },
    "primeng/toast": {
      "src": "../../../../../node_modules/primeng/fesm2022/primeng-toast.mjs",
      "file": "primeng_toast.js",
      "fileHash": "27583a69",
      "needsInterop": false
    },
    "rxjs": {
      "src": "../../../../../node_modules/rxjs/dist/esm5/index.js",
      "file": "rxjs.js",
      "fileHash": "d7697939",
      "needsInterop": false
    },
    "sockjs-client": {
      "src": "../../../../../node_modules/sockjs-client/lib/entry.js",
      "file": "sockjs-client.js",
      "fileHash": "6481d921",
      "needsInterop": true
    },
    "primeng/card": {
      "src": "../../../../../node_modules/primeng/fesm2022/primeng-card.mjs",
      "file": "primeng_card.js",
      "fileHash": "46b9776d",
      "needsInterop": false
    }
  },
  "chunks": {
    "chunk-Y7G53FWX": {
      "file": "chunk-Y7G53FWX.js"
    },
    "chunk-MT5RBZVG": {
      "file": "chunk-MT5RBZVG.js"
    },
    "chunk-ASWKO4PP": {
      "file": "chunk-ASWKO4PP.js"
    },
    "chunk-LICHHK53": {
      "file": "chunk-LICHHK53.js"
    },
    "chunk-2OGIV3VX": {
      "file": "chunk-2OGIV3VX.js"
    },
    "chunk-3VFUQILI": {
      "file": "chunk-3VFUQILI.js"
    },
    "chunk-E36DSBKN": {
      "file": "chunk-E36DSBKN.js"
    },
    "chunk-IHMKT4LD": {
      "file": "chunk-IHMKT4LD.js"
    },
    "chunk-7T5UNCQM": {
      "file": "chunk-7T5UNCQM.js"
    },
    "chunk-PSOBNKYR": {
      "file": "chunk-PSOBNKYR.js"
    },
    "chunk-5YQUKYRN": {
      "file": "chunk-5YQUKYRN.js"
    },
    "chunk-I3HX573K": {
      "file": "chunk-I3HX573K.js"
    },
    "chunk-UPAX5JPO": {
      "file": "chunk-UPAX5JPO.js"
    },
    "chunk-2GLYIHSY": {
      "file": "chunk-2GLYIHSY.js"
    },
    "chunk-6IQOKCZY": {
      "file": "chunk-6IQOKCZY.js"
    },
    "chunk-AW5U76QZ": {
      "file": "chunk-AW5U76QZ.js"
    },
    "chunk-MQAF7EU2": {
      "file": "chunk-MQAF7EU2.js"
    },
    "chunk-XRIRZWLG": {
      "file": "chunk-XRIRZWLG.js"
    },
    "chunk-SM25LJYE": {
      "file": "chunk-SM25LJYE.js"
    },
    "chunk-JCUL4FUC": {
      "file": "chunk-JCUL4FUC.js"
    },
    "chunk-PLJDTHQT": {
      "file": "chunk-PLJDTHQT.js"
    },
    "chunk-TKJMWDM5": {
      "file": "chunk-TKJMWDM5.js"
    },
    "chunk-CT6PALCU": {
      "file": "chunk-CT6PALCU.js"
    },
    "chunk-YOINYF2N": {
      "file": "chunk-YOINYF2N.js"
    },
    "chunk-4D5Y63HG": {
      "file": "chunk-4D5Y63HG.js"
    },
    "chunk-4J25ECOH": {
      "file": "chunk-4J25ECOH.js"
    },
    "chunk-WKYGNSYM": {
      "file": "chunk-WKYGNSYM.js"
    }
  }
}